Tlabs,PWA93
1,32.68429
5,54.83247
10,55.21901
25,48.67177
50,38.92972
100,24.99395
150,14.75562
200,6.55239
250,-0.31338
300,-6.15473
350,-11.13174
